Area,Day_Weather,Night_Weather,Max_tmp,Min_tmp,Date
重庆,晴,多云,15,7,2021-11-30
上海,晴,晴,13,4,2021-11-30
北京,晴,晴,6,-5,2021-11-30
武汉,晴,晴,15,0,2021-11-30
西安,晴,多云,9,-2,2021-11-30
成都,晴,多云,15,7,2021-11-30
广州,晴,晴,22,8,2021-11-30
贵阳,多云,多云,14,4,2021-11-30
天津,晴,晴,5,-2,2021-11-30
杭州,多云,晴,13,3,2021-11-30
昆明,小雨,小雨,12,5,2021-11-30
南京,多云,晴,16,-1,2021-11-30
宁波,多云,晴,13,4,2021-11-30
苏州,多云,晴,16,3,2021-11-30
青岛,阴,晴,7,1,2021-11-30
